{
    "train_loss": [
        1.1415356877048093,
        1.0915359608676602,
        1.0742641334212357,
        1.0604508267412978,
        1.0507314285503255,
        1.0593389935728732,
        1.057878595339549,
        1.051291568155897,
        1.0447916576291394,
        1.0449874162387045,
        1.0424349321211575,
        1.0304207607870641,
        1.039616406437292,
        1.0384509669027318,
        1.0356340536858917,
        1.03638429151115,
        1.0332169834026792,
        1.0352624861915762,
        1.042625229453352,
        1.0317985748269212,
        1.0360895160303218,
        1.0403403003006348,
        1.0382528845010108,
        1.0321495595821835,
        1.0236609730909878,
        1.0313990784035694,
        1.027942561414698,
        1.0263103632433463
    ],
    "train_acc": [
        40.517448856799035,
        43.333333333333336,
        44.48856799037304,
        45.210589651022865,
        46.32972322503009,
        45.12635379061372,
        42.52707581227437,
        42.912154031287606,
        44.187725631768956,
        42.659446450060166,
        43.85078219013237,
        45.70397111913358,
        43.77858002406739,
        44.21179302045728,
        44.103489771359804,
        43.54993983152828,
        44.22382671480145,
        43.82671480144404,
        44.01925391095066,
        45.836341756919374,
        43.77858002406739,
        45.05415162454874,
        44.44043321299639,
        45.018050541516246,
        45.25872442839952,
        45.4632972322503,
        46.486161251504214,
        45.34296028880866
    ],
    "val_loss": [
        1.0673108412669254,
        1.074257181240962,
        1.043520716520456,
        1.055533135854281,
        1.049269256224999,
        1.0530913453835709,
        1.0656318151033841,
        1.0653064856162437,
        1.0546646888439473,
        1.049292124234713,
        1.0531477286265447,
        1.0593473287729116,
        1.0568663303668682,
        1.0542596211800208,
        1.0538212611125066,
        1.047238931289086,
        1.0846777640856229,
        1.0780107681567852,
        1.0531325248571544,
        1.0325945322330181,
        1.052648636010977,
        1.0436216941246619,
        1.0539280634659987,
        1.0429533096460195,
        1.0443662313314586,
        1.0493451797045195,
        1.047755923637977,
        1.0601645909822903
    ],
    "val_acc": [
        43.55769230769231,
        41.53846153846154,
        45.0,
        43.31730769230769,
        44.42307692307692,
        44.27884615384615,
        42.5,
        42.98076923076923,
        44.71153846153846,
        45.52884615384615,
        44.66346153846154,
        43.79807692307692,
        44.27884615384615,
        44.90384615384615,
        44.08653846153846,
        46.10576923076923,
        40.48076923076923,
        41.44230769230769,
        45.09615384615385,
        48.02884615384615,
        45.24038461538461,
        46.10576923076923,
        44.95192307692308,
        45.96153846153846,
        46.53846153846154,
        45.14423076923077,
        45.19230769230769,
        43.75
    ]
}