{
    "train_loss": [
        1.0180751807165316,
        1.0105670897914067,
        1.0057517936529616,
        1.0106204906968155,
        1.0043215994463457,
        1.0032191080329111,
        1.0028354270117623,
        1.0091011236267184,
        1.004851704437215
    ],
    "train_acc": [
        48.41384530690889,
        49.16735480319295,
        50.22708505367465,
        50.0309661436829,
        49.931186347371316,
        49.92430498210845,
        50.529865125240846,
        50.344068263143406,
        49.91054225158271
    ],
    "val_loss": [
        0.9850418330984507,
        1.0372205213531813,
        0.9232383325744199,
        0.9004970359250144,
        0.9860581330296617,
        0.9095153076450199,
        0.9160264593037027,
        0.9507814556862617,
        0.9563079688875026
    ],
    "val_acc": [
        51.37067938021454,
        46.89255916907884,
        56.2233951983654,
        57.80691299165674,
        49.020943299846756,
        57.245019581134,
        56.802315681934274,
        54.74203984335093,
        52.71581815085987
    ]
}